tweet,sentiment
"I love the new design of this app!",positive
"Feeling great after my morning run.",positive
"This is the worst service I have ever experienced.",negative
"I'm so tired of all this noise.",negative
"Weather today is okay, nothing special.",neutral
"Just watched a fantastic movie!",positive
"My flight got delayed again.",negative
"Had an average day at work.",neutral
"Can't wait for the weekend!",positive
"I'm not sure how I feel about this.",neutral
"Food at this restaurant was amazing!",positive
"The traffic today is horrible.",negative
"Everything seems normal today.",neutral
"Enjoying my coffee and some music.",positive
"This app keeps crashing!",negative
"My day was neither good nor bad.",neutral
"Loving the vibes here!",positive
"The customer support was awful.",negative
"Nothing interesting happened today.",neutral
"Excited to start my new project!",positive
"Missed the bus again, so frustrating.",negative
"Just a regular day, nothing exciting.",neutral
"Had a great workout session!",positive
"Feeling sick and tired.",negative
"The weather is fine, nothing to complain.",neutral
"Just got a promotion at work!",positive
"My phone battery died again.",negative
"Today was just okay.",neutral
"Best birthday ever!",positive
"Feeling down today.",negative
"The movie was neither good nor bad.",neutral
"Had a productive meeting today!",positive
"My internet connection keeps dropping.",negative
"Nothing special happened today.",neutral
"Happy with my exam results!",positive
"Lost my wallet today, so upset.",negative
"The day is just normal.",neutral
"Enjoyed a beautiful sunset.",positive
"The service was disappointing.",negative
"Today is just another day.",neutral
"Loving the new season of the show!",positive
"Missed my favorite TV show.",negative
"My day was okay.",neutral
"Feeling motivated and inspired!",positive
"The food tasted bad.",negative
"Nothing much to report today.",neutral
"Had a wonderful dinner with friends.",positive
"Car broke down, what a day!",negative
"The event was average.",neutral
"Excited for the concert tonight!",positive
"Feeling sick after eating too much.",negative
"Just an ordinary day.",neutral
"Had a fun game night!",positive
"Lost my keys again.",negative
"Nothing exciting today.",neutral
"Feeling thankful for my family.",positive
"The package arrived late.",negative
"My day was fine.",neutral
"Loved spending time at the beach!",positive
"Bad experience with customer support.",negative
"Today was a standard day.",neutral
"Thrilled about the new job opportunity!",positive
"Feeling stressed and anxious.",negative
"Just a calm day at home.",neutral
"Had an amazing adventure today!",positive
"Missed an important deadline.",negative
"The day was uneventful.",neutral
"Enjoying a lovely walk in the park.",positive
"Spilled coffee on my shirt.",negative
"Today was okay.",neutral
"Feeling happy with my progress!",positive
"Car accident ruined my day.",negative
"Nothing out of the ordinary today.",neutral
"Had a fantastic workout!",positive
"My internet stopped working.",negative
"Just a typical day.",neutral
"Excited about the upcoming holiday!",positive
"Lost my wallet, feeling frustrated.",negative
"Today was mediocre.",neutral
"Had a great lunch with friends!",positive
"Missed the bus again.",negative
"Nothing interesting happened today.",neutral
"Feeling accomplished and proud!",positive
"The weather ruined my plans.",negative
"Just another day at work.",neutral
"Enjoying the new book I'm reading!",positive
"Food was cold and bland.",negative
"My day was just okay.",neutral
"Had a wonderful weekend getaway!",positive
"Lost my phone today.",negative
"Today was a standard day.",neutral
"Feeling joyful and energetic!",positive
"The presentation went terribly.",negative
"Nothing special to report today.",neutral
"Had a great time with family!",positive
"Car broke down again.",negative
"My day was uneventful.",neutral
"Excited for the upcoming trip!",positive
"Feeling sick and tired today.",negative
"Just an ordinary day.",neutral
"Had a fantastic day at work!",positive
"Lost my keys again.",negative
"The day was okay.",neutral
"Loving the new cafe in town!",positive
"The service was bad.",negative
"Nothing interesting happened.",neutral
"Feeling happy and content.",positive
"My phone battery died.",negative
"Today was just fine.",neutral
"Had a great evening with friends!",positive
"Missed an important meeting.",negative
"My day was normal.",neutral
"Excited for the new movie release!",positive
"Feeling exhausted after work.",negative
"Nothing special today.",neutral
"Had a wonderful picnic!",positive
"Lost my wallet today.",negative
"Today was okay.",neutral
"Feeling grateful for everything!",positive
"The package arrived damaged.",negative
"My day was average.",neutral
"Loved the concert tonight!",positive
"Missed my favorite class.",negative
"Just a normal day.",neutral
"Had a great morning workout!",positive
"Car accident ruined my plans.",negative
"Today was uneventful.",neutral
"Feeling excited and happy!",positive
"Lost my keys again.",negative
"Nothing much to do today.",neutral
"Had a fun game night with friends!",positive
"Phone stopped working today.",negative
"My day was normal.",neutral
"Feeling motivated and confident!",positive
"The internet was slow today.",negative
"Just a regular day.",neutral
"Had a lovely dinner!",positive
"Missed my bus.",negative
"Today was fine.",neutral
"Feeling happy with the results!",positive
"Lost my wallet today.",negative
"My day was ordinary.",neutral
"Had an amazing adventure!",positive
"Car broke down.",negative
"Nothing interesting today.",neutral
"Feeling joyful and positive!",positive
"Missed an important call.",negative
"Today was okay.",neutral
"Had a fantastic weekend!",positive
"Feeling sick and tired.",negative
"Just another day.",neutral
"Enjoying a beautiful sunset!",positive
"Lost my keys again.",negative
"My day was uneventful.",neutral
"Feeling excited about life!",positive
"Phone battery died.",negative
"Nothing special happened today.",neutral
"Had a wonderful lunch!",positive
"The service was terrible.",negative
"Today was just fine.",neutral
"Feeling happy and blessed!",positive
"Lost my wallet today.",negative
"My day was normal.",neutral
"Had a great evening!",positive
"Missed my train.",negative
"Just an ordinary day.",neutral
"Feeling motivated and inspired!",positive
"Car accident today.",negative
"Nothing interesting today.",neutral
"Had an amazing workout session!",positive
"My internet stopped working.",negative
"Today was fine.",neutral
"Feeling happy with my progress!",positive
"Lost my keys again.",negative
"Nothing special today.",neutral